<?xml version="1.0" encoding="UTF-8" standalone="yes"?>
<manifest>
  <control namespace="PeoplePickerV1" constructor="PeoplePickerV1" version="0.0.2" display-name-key="PeoplePickerV1" description-key="PeoplePickerV1 description" control-type="standard" api-version="1.3.4">
    <external-service-usage enabled="false"/>
    <property name="peoplePicker" display-name-key="peoplePicker" description-key="field_Value" of-type="Multiple" usage="bound" required="true"/>
    <property name="entityName" display-name-key="entityName" description-key="entity_value" of-type="SingleLine.Text" usage="input" required="true" default-value="systemuser"/>
    <property name="selectionType" display-name-key="selectionType" description-key="selection Type - Single or Multi" of-type="SingleLine.Text" usage="input" required="true" default-value="Single"/>
    <property name="loadEnabledAccounts" display-name-key="loadEnabledAccounts" description-key="Load AAD User Enabled/Active Accounts or all accounts - true/false" of-type="SingleLine.Text" usage="input" required="true" default-value="true"/>
    <resources>
      <code path="bundle.js" order="1"/>
    </resources>
    <feature-usage>
      <uses-feature name="Device.captureAudio" required="true"/>
      <uses-feature name="Device.captureImage" required="true"/>
      <uses-feature name="Device.captureVideo" required="true"/>
      <uses-feature name="Device.getBarcodeValue" required="true"/>
      <uses-feature name="Device.getCurrentPosition" required="true"/>
      <uses-feature name="Device.pickFile" required="true"/>
      <uses-feature name="Utility" required="true"/>
      <uses-feature name="WebAPI" required="true"/>
    </feature-usage>
    <built-by name="pac" version="1.16.6"/>
  </control>
</manifest>